platform,referral link,brand,price,discount,commission,Start date,End date,affilate_page_internal_link
amazon associates,https://www.amazon.com/dp/B0F14JH29W?ref=t_ac_view_request_product_image&campaignId=amzn1.campaign.32QXQQL5FFKBN&linkCode=tr1&tag=homeprinciple-20&linkId=amzn1.campaign.32QXQQL5FFKBN_1757577821211,Chateau Home Collection,75,5,15,"Sep 10, 2025 09:59 GMT+3","Oct 1, 2025 09:59 GMT+3",https://affiliate-program.amazon.com/p/connect/request?creatorId=amzn1.creator.9609f4f4-ea6f-43bf-b115-7b671ccdc045&adId=amzn1.campaign.2JYHEGC94JXR5&campaignId=amzn1.campaign.32QXQQL5FFKBN
amazon associates,https://www.amazon.com/dp/B0F14CRR1X?ref=t_ac_view_request_product_image&campaignId=amzn1.campaign.1VES9ZRQJS6T1&linkCode=tr1&tag=homeprinciple-20&linkId=amzn1.campaign.1VES9ZRQJS6T1_1757578037922,Chateau Home Collection,66,9,20,"Sep 10, 2025 09:59 GMT+4","Oct 1, 2025 09:59 GMT+3",https://affiliate-program.amazon.com/p/connect/request?creatorId=amzn1.creator.9609f4f4-ea6f-43bf-b115-7b671ccdc045&adId=amzn1.campaign.2CZGUMRSE34T0&campaignId=amzn1.campaign.1VES9ZRQJS6T1
amazon associates,https://www.amazon.com/dp/B0BRYKPH9J?ref=t_ac_view_request_product_image&campaignId=amzn1.campaign.QDY391TRR8L0&linkCode=tr1&tag=homeprinciple-20&linkId=amzn1.campaign.QDY391TRR8L0_1757579479212,CGK Unlimited,79,,10,"Sep 10, 2025 09:59 GMT+5","Nov 1, 2025 08:59 GMT+2",https://affiliate-program.amazon.com/p/connect/request?creatorId=amzn1.creator.9609f4f4-ea6f-43bf-b115-7b671ccdc045&adId=amzn1.campaign.22TBFA18OH6NX&campaignId=amzn1.campaign.QDY391TRR8L0
amazon associates,https://www.amazon.com/dp/B0CBBN1MS4?ref=t_ac_view_request_product_image&campaignId=amzn1.campaign.3EUZR6QQZZONT&linkCode=tr1&tag=homeprinciple-20&linkId=amzn1.campaign.3EUZR6QQZZONT_1757574097252,California Design Den,91,6,10,"Sep 10, 2025 09:59 GMT+6","Oct 16, 2025 09:59 GMT+3",https://affiliate-program.amazon.com/p/connect/request?creatorId=amzn1.creator.9609f4f4-ea6f-43bf-b115-7b671ccdc045&adId=amzn1.campaign.15QF05IQYABW3&campaignId=amzn1.campaign.3EUZR6QQZZONT
amazon associates,https://www.amazon.com/dp/B0CNY14BQR?ref=t_ac_view_request_product_image&campaignId=amzn1.campaign.1UWHRAAVXRSIL&linkCode=tr1&tag=homeprinciple-20&linkId=amzn1.campaign.1UWHRAAVXRSIL_1757574181557,California Design Den,95,,10,"Sep 10, 2025 09:59 GMT+7","Oct 16, 2025 09:59 GMT+3",https://affiliate-program.amazon.com/p/connect/request?creatorId=amzn1.creator.9609f4f4-ea6f-43bf-b115-7b671ccdc045&adId=amzn1.campaign.NZXAX4SRPVWJ&campaignId=amzn1.campaign.1UWHRAAVXRSIL
amazon associates,https://www.amazon.com/dp/B0DB5KP631?ref=t_ac_view_request_product_image&campaignId=amzn1.campaign.3EUZR6QQZZONT&linkCode=tr1&tag=homeprinciple-20&linkId=amzn1.campaign.3EUZR6QQZZONT_1757574137885,California Design Den,99,10,10,"Sep 10, 2025 09:59 GMT+8","Oct 16, 2025 09:59 GMT+3",https://affiliate-program.amazon.com/p/connect/request?creatorId=amzn1.creator.9609f4f4-ea6f-43bf-b115-7b671ccdc045&adId=amzn1.campaign.15QF05IQYABW3&campaignId=amzn1.campaign.3EUZR6QQZZONT
amazon associates,https://www.amazon.com/dp/B0DSPZKCCQ?ref=t_ac_view_request_product_image&campaignId=amzn1.campaign.2MEK69D2DA1H2&linkCode=tr1&tag=homeprinciple-20&linkId=amzn1.campaign.2MEK69D2DA1H2_1757579098867,Breescape,99,,10,"Sep 10, 2025 09:59 GMT+9","Oct 1, 2025 09:59 GMT+3",https://affiliate-program.amazon.com/p/connect/request?creatorId=amzn1.creator.9609f4f4-ea6f-43bf-b115-7b671ccdc045&adId=amzn1.campaign.20LF8359MPJZ4&campaignId=amzn1.campaign.2MEK69D2DA1H2
amazon associates,https://www.amazon.com/dp/B0F2SWQTLL?ref=t_ac_view_request_product_image&campaignId=amzn1.campaign.2NIQXLEDDRDQF&linkCode=tr1&tag=homeprinciple-20&linkId=amzn1.campaign.2NIQXLEDDRDQF_1757578340159,Simple&Opulence,109,,10,"Sep 10, 2025 09:59 GMT+10","Oct 2, 2025 09:59 GMT+3",https://affiliate-program.amazon.com/p/connect/request?creatorId=amzn1.creator.9609f4f4-ea6f-43bf-b115-7b671ccdc045&adId=amzn1.campaign.25759TLXF3RAO&campaignId=amzn1.campaign.2NIQXLEDDRDQF
amazon associates,https://www.amazon.com/dp/B01M7Z2IIC?ref=t_ac_view_request_product_image&campaignId=amzn1.campaign.ZFO3EJI5Y14O&linkCode=tr1&tag=homeprinciple-20&linkId=amzn1.campaign.ZFO3EJI5Y14O_1757578149449,Chateau Home Collection,79,5,15,"Sep 10, 2025 09:59 GMT+11","Oct 2, 2025 09:59 GMT+3",https://affiliate-program.amazon.com/p/connect/request?creatorId=amzn1.creator.9609f4f4-ea6f-43bf-b115-7b671ccdc045&adId=amzn1.campaign.XCFSNPDP3GCY&campaignId=amzn1.campaign.ZFO3EJI5Y14O
amazon associates,https://www.amazon.com/dp/B0DTBV8YW6?ref=t_ac_view_request_product_image&campaignId=amzn1.campaign.3N00S18KICSD2&linkCode=tr1&tag=homeprinciple-20&linkId=amzn1.campaign.3N00S18KICSD2_1757577032732,Boll & Branch,119,,10,"Sep 10, 2025 09:59 GMT+12","Apr 25, 2026 09:59 GMT+15",https://affiliate-program.amazon.com/p/connect/request?creatorId=amzn1.creator.9609f4f4-ea6f-43bf-b115-7b671ccdc045&adId=amzn1.campaign.2OGS7RZ46P6PQ&campaignId=amzn1.campaign.3N00S18KICSD14
amazon associates,https://www.amazon.com/dp/B0DTB3BSR5?ref=t_ac_view_request_product_image&campaignId=amzn1.campaign.3N00S18KICSD2&linkCode=tr1&tag=homeprinciple-20&linkId=amzn1.campaign.3N00S18KICSD2_1757577111028,Boll & Branch,149,,10,"Sep 10, 2025 09:59 GMT+13","Apr 25, 2026 09:59 GMT+19",https://affiliate-program.amazon.com/p/connect/request?creatorId=amzn1.creator.9609f4f4-ea6f-43bf-b115-7b671ccdc045&adId=amzn1.campaign.2OGS7RZ46P6PQ&campaignId=amzn1.campaign.3N00S18KICSD18
amazon associates,https://www.amazon.com/dp/B0CL1HNC8Z?th=1&linkCode=ll1&tag=homeprinciple-20&linkId=78d23c72752ae1093b8610f022b22f3e&language=en_US&ref_=as_li_ss_tl,Coop,179,,10,"Sep 10, 2025 09:59 GMT+14","Jan 1, 2026 09:59 GMT+2",https://affiliate-program.amazon.com/p/connect/request?creatorId=amzn1.creator.9609f4f4-ea6f-43bf-b115-7b671ccdc045&adId=amzn1.campaign.2XSOOR0VJOE0E&campaignId=amzn1.campaign.204G4REGX075N
amazon associates,https://www.amazon.com/dp/B0CY7YHCHF?ref=t_ac_view_request_product_image&campaignId=amzn1.campaign.3JNXHE96TJZN&linkCode=tr1&tag=homeprinciple-20&linkId=amzn1.campaign.3JNXHE96TJZN_1757578070956,Chateau Home Collection,90,7,20,"Sep 10, 2025 09:59 GMT+15","Oct 1, 2025 09:59 GMT+3",https://affiliate-program.amazon.com/p/connect/request?creatorId=amzn1.creator.9609f4f4-ea6f-43bf-b115-7b671ccdc045&adId=amzn1.campaign.3PWHMUO6RFPSI&campaignId=amzn1.campaign.3JNXHE96TJZN
amazon associates,https://www.amazon.com/dp/B0F35KDK4G?ref=t_ac_view_request_product_image&campaignId=amzn1.campaign.3N00S18KICSD2&linkCode=tr1&tag=homeprinciple-20&linkId=amzn1.campaign.3N00S18KICSD2_1757576883675,Boll & Branch,197,5,10,"Sep 10, 2025 09:59 GMT+16","Apr 25, 2026 09:59 GMT+6",https://affiliate-program.amazon.com/p/connect/request?creatorId=amzn1.creator.9609f4f4-ea6f-43bf-b115-7b671ccdc045&adId=amzn1.campaign.2OGS7RZ46P6PQ&campaignId=amzn1.campaign.3N00S18KICSD5
amazon associates,https://www.amazon.com/dp/B0DZWHMNL4?ref=t_ac_view_request_product_image&campaignId=amzn1.campaign.3N00S18KICSD2&linkCode=tr1&tag=homeprinciple-20&linkId=amzn1.campaign.3N00S18KICSD2_1757576942702,Boll & Branch,199,,10,"Sep 10, 2025 09:59 GMT+17","Apr 25, 2026 09:59 GMT+9",https://affiliate-program.amazon.com/p/connect/request?creatorId=amzn1.creator.9609f4f4-ea6f-43bf-b115-7b671ccdc045&adId=amzn1.campaign.2OGS7RZ46P6PQ&campaignId=amzn1.campaign.3N00S18KICSD8
amazon associates,https://www.amazon.com/dp/B0CMFS482V?ref=t_ac_view_request_product_image&campaignId=amzn1.campaign.204G4REGX075N&linkCode=tr1&tag=homeprinciple-20&linkId=amzn1.campaign.204G4REGX075N_1757578495892,Coop,199,,10,"Sep 10, 2025 09:59 GMT+18","Jan 1, 2026 09:59 GMT+2",https://affiliate-program.amazon.com/p/connect/request?creatorId=amzn1.creator.9609f4f4-ea6f-43bf-b115-7b671ccdc045&adId=amzn1.campaign.2XSOOR0VJOE0E&campaignId=amzn1.campaign.204G4REGX075N
amazon associates,https://www.amazon.com/dp/B0DSPZQHD6?ref=t_ac_view_request_product_image&campaignId=amzn1.campaign.2MEK69D2DA1H2&linkCode=tr1&tag=homeprinciple-20&linkId=amzn1.campaign.2MEK69D2DA1H2_1757579079515,Breescape,199,,10,"Sep 10, 2025 09:59 GMT+19","Oct 1, 2025 09:59 GMT+3",https://affiliate-program.amazon.com/p/connect/request?creatorId=amzn1.creator.9609f4f4-ea6f-43bf-b115-7b671ccdc045&adId=amzn1.campaign.20LF8359MPJZ4&campaignId=amzn1.campaign.2MEK69D2DA1H2
amazon associates,https://www.amazon.com/dp/B0DSPYPDBR?ref=t_ac_view_request_product_image&campaignId=amzn1.campaign.2MEK69D2DA1H2&linkCode=tr1&tag=homeprinciple-20&linkId=amzn1.campaign.2MEK69D2DA1H2_1757579114917,Breescape,199,,10,"Sep 10, 2025 09:59 GMT+20","Oct 1, 2025 09:59 GMT+3",https://affiliate-program.amazon.com/p/connect/request?creatorId=amzn1.creator.9609f4f4-ea6f-43bf-b115-7b671ccdc045&adId=amzn1.campaign.20LF8359MPJZ4&campaignId=amzn1.campaign.2MEK69D2DA1H2
amazon associates,https://www.amazon.com/dp/B08M9B5T92?ref=t_ac_view_request_product_image&campaignId=amzn1.campaign.1AHHRVS3SKNI5&linkCode=tr1&tag=homeprinciple-20&linkId=amzn1.campaign.1AHHRVS3SKNI5_1757573829305,Bamboo Bay,114,36,18,"Sep 10, 2025 09:59 GMT+21","Oct 1, 2025 09:59 GMT+3",https://affiliate-program.amazon.com/p/connect/request?creatorId=amzn1.creator.9609f4f4-ea6f-43bf-b115-7b671ccdc045&adId=amzn1.campaign.3EXKFMWXP2KC7&campaignId=amzn1.campaign.1AHHRVS3SKNI5
amazon associates,https://www.amazon.com/dp/B08KQ4FDYR?ref=t_ac_view_request_product_image&campaignId=amzn1.campaign.E715MN2CT9NQ&linkCode=tr1&tag=homeprinciple-20&linkId=amzn1.campaign.E715MN2CT9NQ_1757573752777,Bamboo Bay,149,29,15,"Sep 10, 2025 09:59 GMT+22","Oct 1, 2025 09:59 GMT+3",https://affiliate-program.amazon.com/p/connect/request?creatorId=amzn1.creator.9609f4f4-ea6f-43bf-b115-7b671ccdc045&adId=amzn1.campaign.1BYWCIBQ0PTP8&campaignId=amzn1.campaign.E715MN2CT9NQ
amazon associates,https://www.amazon.com/dp/B09LMTNYZ6?ref=t_ac_view_request_product_image&campaignId=amzn1.campaign.1BSYP4F3A3JW9&linkCode=tr1&tag=homeprinciple-20&linkId=amzn1.campaign.1BSYP4F3A3JW9_1757573461204,Bamboo Bay,114,39,20,"Sep 10, 2025 09:59 GMT+23","Oct 1, 2025 09:59 GMT+3",https://affiliate-program.amazon.com/p/connect/request?creatorId=amzn1.creator.9609f4f4-ea6f-43bf-b115-7b671ccdc045&adId=amzn1.campaign.2LSZ9FYYH6ISA&campaignId=amzn1.campaign.1BSYP4F3A3JW9
amazon associates,https://www.amazon.com/dp/B0DTBFRHQ7?ref=t_ac_view_request_product_image&campaignId=amzn1.campaign.3N00S18KICSD2&linkCode=tr1&tag=homeprinciple-20&linkId=amzn1.campaign.3N00S18KICSD2_1757577020642,Boll & Branch,229,,10,"Sep 10, 2025 09:59 GMT+24","Apr 25, 2026 09:59 GMT+14",https://affiliate-program.amazon.com/p/connect/request?creatorId=amzn1.creator.9609f4f4-ea6f-43bf-b115-7b671ccdc045&adId=amzn1.campaign.2OGS7RZ46P6PQ&campaignId=amzn1.campaign.3N00S18KICSD13
amazon associates,https://www.amazon.com/dp/B0BJGY2797?ref=t_ac_view_request_product_image&campaignId=amzn1.campaign.3N00S18KICSD2&linkCode=tr1&tag=homeprinciple-20&linkId=amzn1.campaign.3N00S18KICSD2_1757577009925,Boll & Branch,239,,10,"Sep 10, 2025 09:59 GMT+25","Apr 25, 2026 09:59 GMT+13",https://affiliate-program.amazon.com/p/connect/request?creatorId=amzn1.creator.9609f4f4-ea6f-43bf-b115-7b671ccdc045&adId=amzn1.campaign.2OGS7RZ46P6PQ&campaignId=amzn1.campaign.3N00S18KICSD12
amazon associates,https://www.amazon.com/dp/B09LMTNYZ6?ref=t_ac_view_request_product_image&campaignId=amzn1.campaign.1AHHRVS3SKNI5&linkCode=tr1&tag=homeprinciple-20&linkId=amzn1.campaign.1AHHRVS3SKNI5_1757573829306,Bamboo Bay,166,39,18,"Sep 10, 2025 09:59 GMT+26","Oct 1, 2025 09:59 GMT+3",https://affiliate-program.amazon.com/p/connect/request?creatorId=amzn1.creator.9609f4f4-ea6f-43bf-b115-7b671ccdc045&adId=amzn1.campaign.3EXKFMWXP2KC7&campaignId=amzn1.campaign.1AHHRVS3SKNI5
amazon associates,https://www.amazon.com/dp/B0DTBZH7F3?ref=t_ac_view_request_product_image&campaignId=amzn1.campaign.3N00S18KICSD2&linkCode=tr1&tag=homeprinciple-20&linkId=amzn1.campaign.3N00S18KICSD2_1757577222975,Boll & Branch,299,,10,"Sep 10, 2025 09:59 GMT+27","Apr 25, 2026 09:59 GMT+25",https://affiliate-program.amazon.com/p/connect/request?creatorId=amzn1.creator.9609f4f4-ea6f-43bf-b115-7b671ccdc045&adId=amzn1.campaign.2OGS7RZ46P6PQ&campaignId=amzn1.campaign.3N00S18KICSD24
amazon associates,https://www.amazon.com/dp/B0BJGGQMJ3?ref=t_ac_view_request_product_image&campaignId=amzn1.campaign.3N00S18KICSD2&linkCode=tr1&tag=homeprinciple-20&linkId=amzn1.campaign.3N00S18KICSD2_1757577196574,Boll & Branch,309,,10,"Sep 10, 2025 09:59 GMT+28","Apr 25, 2026 09:59 GMT+23",https://affiliate-program.amazon.com/p/connect/request?creatorId=amzn1.creator.9609f4f4-ea6f-43bf-b115-7b671ccdc045&adId=amzn1.campaign.2OGS7RZ46P6PQ&campaignId=amzn1.campaign.3N00S18KICSD22
amazon associates,https://www.amazon.com/dp/B0DPXYYSTV?ref=t_ac_view_request_product_image&campaignId=amzn1.campaign.3N00S18KICSD2&linkCode=tr1&tag=homeprinciple-20&linkId=amzn1.campaign.3N00S18KICSD2_1757576965209,Boll & Branch,321,,10,"Sep 10, 2025 09:59 GMT+29","Apr 25, 2026 09:59 GMT+10",https://affiliate-program.amazon.com/p/connect/request?creatorId=amzn1.creator.9609f4f4-ea6f-43bf-b115-7b671ccdc045&adId=amzn1.campaign.2OGS7RZ46P6PQ&campaignId=amzn1.campaign.3N00S18KICSD9
amazon associates,https://www.amazon.com/dp/B0BHZT4MBX?ref=t_ac_view_request_product_image&campaignId=amzn1.campaign.3N00S18KICSD2&linkCode=tr1&tag=homeprinciple-20&linkId=amzn1.campaign.3N00S18KICSD2_1757576838642,Boll & Branch,329,,10,"Sep 10, 2025 09:59 GMT+30","Apr 25, 2026 09:59 GMT+4",https://affiliate-program.amazon.com/p/connect/request?creatorId=amzn1.creator.9609f4f4-ea6f-43bf-b115-7b671ccdc045&adId=amzn1.campaign.2OGS7RZ46P6PQ&campaignId=amzn1.campaign.3N00S18KICSD3
amazon associates,https://www.amazon.com/dp/B08M9B5T92?ref=t_ac_view_request_product_image&campaignId=amzn1.campaign.1BSYP4F3A3JW9&linkCode=tr1&tag=homeprinciple-20&linkId=amzn1.campaign.1BSYP4F3A3JW9_1757573518108,Bamboo Bay,166,36,20,"Sep 10, 2025 09:59 GMT+31","Oct 1, 2025 09:59 GMT+3",https://affiliate-program.amazon.com/p/connect/request?creatorId=amzn1.creator.9609f4f4-ea6f-43bf-b115-7b671ccdc045&adId=amzn1.campaign.2LSZ9FYYH6ISA&campaignId=amzn1.campaign.1BSYP4F3A3JW9
amazon associates,https://www.amazon.com/dp/B09LMTNYZ6?ref=t_ac_view_request_product_image&campaignId=amzn1.campaign.1BSYP4F3A3JW9&linkCode=tr1&tag=homeprinciple-20&linkId=amzn1.campaign.1BSYP4F3A3JW9_1757580319015,Bamboo Bay,166,39,20,"Sep 10, 2025 09:59 GMT+32","Oct 1, 2025 09:59 GMT+3",https://affiliate-program.amazon.com/p/connect/request?adId=amzn1.campaign.1BSYP4F3A3JW9&campaignId=amzn1.campaign.1BSYP4F3A3JW9&ac=ac1&creatorId=amzn1.creator.9609f4f4-ea6f-43bf-b115-7b671ccdc045&recc=1
amazon associates,https://www.amazon.com/dp/B0BJFKRL2X?ref=t_ac_view_request_product_image&campaignId=amzn1.campaign.3N00S18KICSD2&linkCode=tr1&tag=homeprinciple-20&linkId=amzn1.campaign.3N00S18KICSD2_1757576769576,Boll & Branch,339,,10,"Sep 10, 2025 09:59 GMT+33","Apr 25, 2026 09:59 GMT+3",https://affiliate-program.amazon.com/p/connect/request?creatorId=amzn1.creator.9609f4f4-ea6f-43bf-b115-7b671ccdc045&adId=amzn1.campaign.2OGS7RZ46P6PQ&campaignId=amzn1.campaign.3N00S18KICSD2
amazon associates,https://www.amazon.com/dp/B0BHZPLNL2?ref=t_ac_view_request_product_image&campaignId=amzn1.campaign.3N00S18KICSD2&linkCode=tr1&tag=homeprinciple-20&linkId=amzn1.campaign.3N00S18KICSD2_1757577212741,Boll & Branch,339,,10,"Sep 10, 2025 09:59 GMT+34","Apr 25, 2026 09:59 GMT+24",https://affiliate-program.amazon.com/p/connect/request?creatorId=amzn1.creator.9609f4f4-ea6f-43bf-b115-7b671ccdc045&adId=amzn1.campaign.2OGS7RZ46P6PQ&campaignId=amzn1.campaign.3N00S18KICSD23
amazon associates,https://www.amazon.com/dp/B0DWQYRMY4?ref=t_ac_view_request_product_image&campaignId=amzn1.campaign.3N00S18KICSD2&linkCode=tr1&tag=homeprinciple-20&linkId=amzn1.campaign.3N00S18KICSD2_1757576997709,Boll & Branch,349,,10,"Sep 10, 2025 09:59 GMT+35","Apr 25, 2026 09:59 GMT+12",https://affiliate-program.amazon.com/p/connect/request?creatorId=amzn1.creator.9609f4f4-ea6f-43bf-b115-7b671ccdc045&adId=amzn1.campaign.2OGS7RZ46P6PQ&campaignId=amzn1.campaign.3N00S18KICSD11
amazon associates,https://www.amazon.com/dp/B0BJFNXKX3?ref=t_ac_view_request_product_image&campaignId=amzn1.campaign.3N00S18KICSD2&linkCode=tr1&tag=homeprinciple-20&linkId=amzn1.campaign.3N00S18KICSD2_1757577054558,Boll & Branch,379,,10,"Sep 10, 2025 09:59 GMT+36","Apr 25, 2026 09:59 GMT+17",https://affiliate-program.amazon.com/p/connect/request?creatorId=amzn1.creator.9609f4f4-ea6f-43bf-b115-7b671ccdc045&adId=amzn1.campaign.2OGS7RZ46P6PQ&campaignId=amzn1.campaign.3N00S18KICSD16
amazon associates,https://www.amazon.com/dp/B0DK9RHF5G?ref=t_ac_view_request_product_image&campaignId=amzn1.campaign.3N00S18KICSD2&linkCode=tr1&tag=homeprinciple-20&linkId=amzn1.campaign.3N00S18KICSD2_1757577100141,Boll & Branch,395,,10,"Sep 10, 2025 09:59 GMT+37","Apr 25, 2026 09:59 GMT+18",https://affiliate-program.amazon.com/p/connect/request?creatorId=amzn1.creator.9609f4f4-ea6f-43bf-b115-7b671ccdc045&adId=amzn1.campaign.2OGS7RZ46P6PQ&campaignId=amzn1.campaign.3N00S18KICSD17
amazon associates,https://www.amazon.com/dp/B0DK9SP9RF?ref=t_ac_view_request_product_image&campaignId=amzn1.campaign.3N00S18KICSD2&linkCode=tr1&tag=homeprinciple-20&linkId=amzn1.campaign.3N00S18KICSD2_1757576868927,Boll & Branch,433,,10,"Sep 10, 2025 09:59 GMT+38","Apr 25, 2026 09:59 GMT+5",https://affiliate-program.amazon.com/p/connect/request?creatorId=amzn1.creator.9609f4f4-ea6f-43bf-b115-7b671ccdc045&adId=amzn1.campaign.2OGS7RZ46P6PQ&campaignId=amzn1.campaign.3N00S18KICSD4
amazon associates,https://www.amazon.com/dp/B0DTBX7DFX?ref=t_ac_view_request_product_image&campaignId=amzn1.campaign.3N00S18KICSD2&linkCode=tr1&tag=homeprinciple-20&linkId=amzn1.campaign.3N00S18KICSD2_1757576896675,Boll & Branch,449,,10,"Sep 10, 2025 09:59 GMT+39","Apr 25, 2026 09:59 GMT+7",https://affiliate-program.amazon.com/p/connect/request?creatorId=amzn1.creator.9609f4f4-ea6f-43bf-b115-7b671ccdc045&adId=amzn1.campaign.2OGS7RZ46P6PQ&campaignId=amzn1.campaign.3N00S18KICSD6
amazon associates,https://www.amazon.com/dp/B0BJFNKWV9?ref=t_ac_view_request_product_image&campaignId=amzn1.campaign.3N00S18KICSD2&linkCode=tr1&tag=homeprinciple-20&linkId=amzn1.campaign.3N00S18KICSD2_1757576914942,Boll & Branch,459,,10,"Sep 10, 2025 09:59 GMT+40","Apr 25, 2026 09:59 GMT+8",https://affiliate-program.amazon.com/p/connect/request?creatorId=amzn1.creator.9609f4f4-ea6f-43bf-b115-7b671ccdc045&adId=amzn1.campaign.2OGS7RZ46P6PQ&campaignId=amzn1.campaign.3N00S18KICSD7
amazon associates,https://www.amazon.com/dp/B0DPXZT64R?ref=t_ac_view_request_product_image&campaignId=amzn1.campaign.3N00S18KICSD2&linkCode=tr1&tag=homeprinciple-20&linkId=amzn1.campaign.3N00S18KICSD2_1757577153127,Boll & Branch,492,,10,"Sep 10, 2025 09:59 GMT+41","Apr 25, 2026 09:59 GMT+21",https://affiliate-program.amazon.com/p/connect/request?creatorId=amzn1.creator.9609f4f4-ea6f-43bf-b115-7b671ccdc045&adId=amzn1.campaign.2OGS7RZ46P6PQ&campaignId=amzn1.campaign.3N00S18KICSD20
amazon associates,https://www.amazon.com/dp/B0DPXYNNJX?ref=t_ac_view_request_product_image&campaignId=amzn1.campaign.3N00S18KICSD2&linkCode=tr1&tag=homeprinciple-20&linkId=amzn1.campaign.3N00S18KICSD2_1757577162492,Boll & Branch,530,,10,"Sep 10, 2025 09:59 GMT+42","Apr 25, 2026 09:59 GMT+22",https://affiliate-program.amazon.com/p/connect/request?creatorId=amzn1.creator.9609f4f4-ea6f-43bf-b115-7b671ccdc045&adId=amzn1.campaign.2OGS7RZ46P6PQ&campaignId=amzn1.campaign.3N00S18KICSD21
amazon associates,https://www.amazon.com/dp/B0DK9P79WS?ref=t_ac_view_request_product_image&campaignId=amzn1.campaign.3N00S18KICSD2&linkCode=tr1&tag=homeprinciple-20&linkId=amzn1.campaign.3N00S18KICSD2_1757577043695,Boll & Branch,548,,10,"Sep 10, 2025 09:59 GMT+43","Apr 25, 2026 09:59 GMT+16",https://affiliate-program.amazon.com/p/connect/request?creatorId=amzn1.creator.9609f4f4-ea6f-43bf-b115-7b671ccdc045&adId=amzn1.campaign.2OGS7RZ46P6PQ&campaignId=amzn1.campaign.3N00S18KICSD15
amazon associates,https://www.amazon.com/dp/B0DVTDRJ6V?ref=t_ac_view_request_product_image&campaignId=amzn1.campaign.3N00S18KICSD2&linkCode=tr1&tag=homeprinciple-20&linkId=amzn1.campaign.3N00S18KICSD2_1757577130425,Boll & Branch,652,,10,"Sep 10, 2025 09:59 GMT+44","Apr 25, 2026 09:59 GMT+20",https://affiliate-program.amazon.com/p/connect/request?creatorId=amzn1.creator.9609f4f4-ea6f-43bf-b115-7b671ccdc045&adId=amzn1.campaign.2OGS7RZ46P6PQ&campaignId=amzn1.campaign.3N00S18KICSD19
amazon associates,https://www.amazon.com/dp/B0DK9R56CQ?ref=t_ac_view_request_product_image&campaignId=amzn1.campaign.3N00S18KICSD2&linkCode=tr1&tag=homeprinciple-20&linkId=amzn1.campaign.3N00S18KICSD2_1757576978175,Boll & Branch,709,,10,"Sep 10, 2025 09:59 GMT+45","Apr 25, 2026 09:59 GMT+11",https://affiliate-program.amazon.com/p/connect/request?creatorId=amzn1.creator.9609f4f4-ea6f-43bf-b115-7b671ccdc045&adId=amzn1.campaign.2OGS7RZ46P6PQ&campaignId=amzn1.campaign.3N00S18KICSD10
amazon associates,https://www.amazon.com/California-Design-Den-Luxurious-Sheets/dp/B07ZYXGP6N?c=ts&dib=eyJ2IjoiMSJ9.Gn_0GcX8pmjmiYFTUY0Jfip22H0tU7X1S72UB4R0-AJer8wid1ym9fkJ9GeVdL87VKYg9qWDTiodpS_wZRdKH68aJY3hEI5WH6On7yMxKh_WR0fl2s3DfHGeardy89i2XQyYUOV--ZTrf5JSirdfQpOmVqR5VGa7WDz9odx0DtfV1CdfrBCbzvLkcbZ9y6I72Gigcpq_e-EOw-Ijfm1MKTban1Ie8N9w8vnBVxeqECNVNV-m7YbMKf2l3q7lnuxEkUfHIWGrTwmo3AF-e2SwAkftq_4k7AeZL7SHrMOL5Os.EiATbAVeE_cUg4zjhWZu3QGknyZGsiiLt2UbqH6XoTQ&dib_tag=se&keywords=Sheets%2B%26%2BPillowcases&qid=1757595270&refinements=p_36%3A11500-&rnid=386465011&s=bedbath&sr=1-2-spons&ts_id=1063274&sp_csd=d2lkZ2V0TmFtZT1zcF9hdGY&th=1&linkCode=ll1&tag=homeprinciple-20&linkId=07b6bba1047ea0ee0d9dd0a1d3e1a065&language=en_US&ref_=as_li_ss_tl,California Design Den,124,,10,"Sep 10, 2025 09:59 GMT+46","Oct 15, 2025 09:59 GMT+3",
amazon associates,https://www.amazon.com/BOLL-BRANCH-Signature-Hemmed-Sheet/dp/B0DTBJ75JP?c=ts&dib=eyJ2IjoiMSJ9.Gn_0GcX8pmjmiYFTUY0Jfip22H0tU7X1S72UB4R0-AJer8wid1ym9fkJ9GeVdL87VKYg9qWDTiodpS_wZRdKH68aJY3hEI5WH6On7yMxKh_WR0fl2s3DfHGeardy89i2XQyYUOV--ZTrf5JSirdfQpOmVqR5VGa7WDz9odx0DtfV1CdfrBCbzvLkcbZ9y6I72Gigcpq_e-EOw-Ijfm1MKTban1Ie8N9w8vnBVxeqECNVNV-m7YbMKf2l3q7lnuxEkUfHIWGrTwmo3AF-e2SwAkftq_4k7AeZL7SHrMOL5Os.EiATbAVeE_cUg4zjhWZu3QGknyZGsiiLt2UbqH6XoTQ&dib_tag=se&keywords=Sheets%2B%26%2BPillowcases&qid=1757595270&refinements=p_36%3A11500-&rnid=386465011&s=bedbath&sr=1-5&ts_id=1063274&th=1&linkCode=ll1&tag=homeprinciple-20&linkId=b806327febb3756c25052df4682bea8d&language=en_US&ref_=as_li_ss_tl,Boll & Branch,279,,10,"Sep 10, 2025 09:59 GMT+47","Apr 25, 2026 09:59 GMT+3",https://affiliate-program.amazon.com/p/connect/request?creatorId=amzn1.creator.9609f4f4-ea6f-43bf-b115-7b671ccdc045&adId=amzn1.campaign.15QF05IQYABW3&campaignId=amzn1.campaign.3EUZR6QQZZONT
amazon associates,https://www.amazon.com/dp/B0CBBN1MS4?ref=t_ac_view_request_product_image&campaignId=amzn1.campaign.3EUZR6QQZZONT&linkCode=tr1&tag=homeprinciple-20&linkId=amzn1.campaign.3EUZR6QQZZONT_1757595854446,California Design Den,91,6,10,"Sep 10, 2025 09:59 GMT+48","Oct 16, 2025 09:59 GMT+3",https://affiliate-program.amazon.com/p/connect/request?creatorId=amzn1.creator.9609f4f4-ea6f-43bf-b115-7b671ccdc045&adId=amzn1.campaign.15QF05IQYABW3&campaignId=amzn1.campaign.3EUZR6QQZZONT
amazon associates,https://www.amazon.com/dp/B0DB5KP631?ref=t_ac_view_request_product_image&campaignId=amzn1.campaign.3EUZR6QQZZONT&linkCode=tr1&tag=homeprinciple-20&linkId=amzn1.campaign.3EUZR6QQZZONT_1757595871700,California Design Den,99,10,10,"Sep 10, 2025 09:59 GMT+49","Oct 16, 2025 09:59 GMT+3",https://affiliate-program.amazon.com/p/connect/request?creatorId=amzn1.creator.9609f4f4-ea6f-43bf-b115-7b671ccdc045&adId=amzn1.campaign.15QF05IQYABW3&campaignId=amzn1.campaign.3EUZR6QQZZONT
amazon associates,https://www.amazon.com/dp/B0BJFNXKX3?ref=t_ac_view_request_product_image&campaignId=amzn1.campaign.3N00S18KICSD2&linkCode=tr1&tag=homeprinciple-20&linkId=amzn1.campaign.3N00S18KICSD2_1757596116349,Boll & Branch,379,,10,"Sep 10, 2025 09:59 GMT+50","Apr 25, 2026 09:59 GMT+3",https://affiliate-program.amazon.com/p/connect/request?creatorId=amzn1.creator.9609f4f4-ea6f-43bf-b115-7b671ccdc045&adId=amzn1.campaign.2OGS7RZ46P6PQ&campaignId=amzn1.campaign.3N00S18KICSD2
amazon associates,https://www.amazon.com/dp/B0BHZT4MBX?ref=t_ac_view_request_product_image&campaignId=amzn1.campaign.3N00S18KICSD2&linkCode=tr1&tag=homeprinciple-20&linkId=amzn1.campaign.3N00S18KICSD2_1757596185566,Boll & Branch,329,,10,"Sep 10, 2025 09:59 GMT+51","Apr 25, 2026 09:59 GMT+3",https://affiliate-program.amazon.com/p/connect/request?creatorId=amzn1.creator.9609f4f4-ea6f-43bf-b115-7b671ccdc045&adId=amzn1.campaign.2OGS7RZ46P6PQ&campaignId=amzn1.campaign.3N00S18KICSD2
amazon associates,https://www.amazon.com/dp/B0CS9R212N?ref=t_ac_view_request_product_image&campaignId=amzn1.campaign.2D36SCEUF8IN1&linkCode=tr1&tag=homeprinciple-20&linkId=amzn1.campaign.2D36SCEUF8IN1_1757854521453,California Design Den,114.99,,10,"Sep 10, 2025 09:59 GMT+52","Oct 15, 2025 09:59 GMT+3",https://affiliate-program.amazon.com/p/connect/request?creatorId=amzn1.creator.9609f4f4-ea6f-43bf-b115-7b671ccdc045&adId=amzn1.campaign.33JQ1MXJT9J8G&campaignId=amzn1.campaign.2D36SCEUF8IN1
amazon associates,https://www.amazon.com/dp/B0CS9RQTFC?ref=t_ac_view_request_product_image&campaignId=amzn1.campaign.2D36SCEUF8IN1&linkCode=tr1&tag=homeprinciple-20&linkId=amzn1.campaign.2D36SCEUF8IN1_1757854568771,California Design Den,129,10,10,"Sep 10, 2025 09:59 GMT+53","Oct 15, 2025 09:59 GMT+3",https://affiliate-program.amazon.com/p/connect/request?creatorId=amzn1.creator.9609f4f4-ea6f-43bf-b115-7b671ccdc045&adId=amzn1.campaign.33JQ1MXJT9J8G&campaignId=amzn1.campaign.2D36SCEUF8IN1
amazon associates,https://www.amazon.com/dp/B0CZ7KBRPT?th=1&linkCode=ll1&tag=homeprinciple-20&linkId=ca1a723e1484ea591e33459d720ba9c8&language=en_US&ref_=as_li_ss_tl,Whisper Organics,115,,15,"Nov 6, 2025 10:00 GMT+2","Feb 27, 2026 09:59 GMT+2",https://affiliate-program.amazon.com/p/connect/request?creatorId=amzn1.creator.9609f4f4-ea6f-43bf-b115-7b671ccdc045&adId=amzn1.campaign.1IR1JYTY3M7EK&campaignId=amzn1.campaign.1IR1JYTY3M7EK&recc=0&early-acc=0
amazon associates,https://www.amazon.com/dp/B0CXN6D9PG?th=1&linkCode=ll1&tag=homeprinciple-20&linkId=afd3a20bd3eeb107a5e4603286d10e83&language=en_US&ref_=as_li_ss_tl,Whisper Organics,230,,15,"Nov 6, 2025 10:00 GMT+2","Feb 27, 2026 09:59 GMT+2",https://affiliate-program.amazon.com/p/connect/request?creatorId=amzn1.creator.9609f4f4-ea6f-43bf-b115-7b671ccdc045&adId=amzn1.campaign.1IR1JYTY3M7EK&campaignId=amzn1.campaign.1IR1JYTY3M7EK&recc=0&early-acc=0
amazon associates,https://www.amazon.com/dp/B0B2PZ4FKX?th=1&linkCode=ll1&tag=homeprinciple-20&linkId=f998cae708d5c9c4f644a943ac7f6d23&language=en_US&ref_=as_li_ss_tl,Whisper Organics,174,,15,"Nov 6, 2025 10:00 GMT+2","Feb 27, 2026 09:59 GMT+2",https://affiliate-program.amazon.com/p/connect/request?creatorId=amzn1.creator.9609f4f4-ea6f-43bf-b115-7b671ccdc045&adId=amzn1.campaign.1IR1JYTY3M7EK&campaignId=amzn1.campaign.1IR1JYTY3M7EK&recc=0&early-acc=0
amazon associates,https://www.amazon.com/dp/B0B2PZ4FKX?th=1&linkCode=ll1&tag=homeprinciple-20&linkId=f998cae708d5c9c4f644a943ac7f6d23&language=en_US&ref_=as_li_ss_tl,Whisper Organics,99,,15,"Nov 6, 2025 10:00 GMT+2","Feb 27, 2026 09:59 GMT+2",https://affiliate-program.amazon.com/p/connect/request?creatorId=amzn1.creator.9609f4f4-ea6f-43bf-b115-7b671ccdc045&adId=amzn1.campaign.1IR1JYTY3M7EK&campaignId=amzn1.campaign.1IR1JYTY3M7EK&recc=0&early-acc=0